index,country,description,points,price,province,variety,winery
1,US,"This tremendous 100% varietal wine hails from Oakville and was aged over three years in oak. Juicy red-cherry fruit and a compelling hint of caramel greet the palate, framed by elegant, fine tannins and a subtle minty tone in the background. Balanced and rewarding from start to finish, it has years ahead of it to develop further nuance. Enjoy 2022–2030.",96,235,California,Cabernet Sauvignon,Heitz
2,Spain,"Ripe aromas of fig, blackberry and cassis are softened and sweetened by a slathering of oaky chocolate and vanilla. This is full, layered, intense and cushioned on the palate, with rich flavors of chocolaty black fruits and baking spices. A toasty, everlasting finish is heady but ideally balanced. Drink through 2023.",96,110,Northern Spain,Tinta de Toro,Bodega Carmen Rodríguez
3,US,"Mac Watson honors the memory of a wine once made by his mother in this tremendously delicious, balanced and complex botrytised white. Dark gold in color, it layers toasted hazelnut, pear compote and orange peel flavors, reveling in the succulence of its 122 g/L of residual sugar.",96,90,California,Sauvignon Blanc,Macauley
4,US,"This spent 20 months in 30% new French oak, and incorporates fruit from Ponzi's Aurora, Abetina and Madrona vineyards, among others. Aromatic, dense and toasty, it deftly blends aromas and flavors of toast, cigar box, blackberry, black cherry, coffee and graphite. Tannins are polished to a fine sheen, and frame a finish loaded with dark chocolate and espresso. Drink now through 2032.",96,65,Oregon,Pinot Noir,Ponzi
5,France,"This is the top wine from La Bégude, named after the highest point in the vineyard at 1200 feet. It has structure, density and considerable acidity that is still calming down. With 18 months in wood, the wine has developing an extra richness and concentration. Produced by the Tari family, formerly of Château Giscours in Margaux, it is a wine made for aging. Drink from 2020.",95,66,Provence,Provence red blend,Domaine de la Bégude
6,Spain,"Deep, dense and pure from the opening bell, this Toro is a winner. Aromas of dark ripe black fruits are cool and moderately oaked. This feels massive on the palate but sensationally balanced. Flavors of blackberry, coffee, mocha and toasty oak finish spicy, smooth and heady. Drink this exemplary Toro through 2023.",95,73,Northern Spain,Tinta de Toro,Numanthia
7,Spain,"Slightly gritty black-fruit aromas include a sweet note of pastry along with a hint of prune. Wall-to-wall saturation ensures that all corners of one's mouth are covered. Flavors of blackberry, mocha and chocolate are highly impressive and expressive, while this settles nicely on a long finish. Drink now through 2024.",95,65,Northern Spain,Tinta de Toro,Maurodos
8,Spain,"Lush cedary black-fruit aromas are luxe and offer notes of marzipan and vanilla. This bruiser is massive and tannic on the palate, but still lush and friendly. Chocolate is a key flavor, while baked berry and cassis flavors are hardly wallflowers. On the finish, this is tannic and deep as a sea trench. Drink this saturated black-colored Toro through 2023.",95,110,Northern Spain,Tinta de Toro,Bodega Carmen Rodríguez
9,US,"This re-named vineyard was formerly bottled as deLancellotti. You'll find striking minerality underscoring chunky black fruits. Accents of citrus and graphite comingle, with exceptional midpalate concentration. This is a wine to cellar, though it is already quite enjoyable. Drink now through 2030.",95,65,Oregon,Pinot Noir,Bergström
10,US,"The producer sources from two blocks of the vineyard for this wine—one at a high elevation, which contributes bright acidity. Crunchy cranberry, pomegranate and orange peel flavors surround silky, succulent layers of texture that present as fleshy fruit. That delicately lush flavor has considerable length.",95,60,California,Pinot Noir,Blue Farm
11,Italy,"Elegance, complexity and structure come together in this drop-dead gorgeous winethat ranks among Italy's greatest whites. It opens with sublime yellow spring flower, aromatic herb and orchard fruit scents. The creamy, delicious palate seamlessly combines juicy white peach, ripe pear and citrus flavors while white almond and savory mineral notes grace the lingering finish.",95,80,Northeastern Italy,Friulano,Borgo del Tiglio
12,US,"From 18-year-old vines, this supple well-balanced effort blends flavors of mocha, cherry, vanilla and breakfast tea. Superbly integrated and delicious even at this early stage, this wine seems destined for a long and savory cellar life. Drink now through 2028.",95,48,Oregon,Pinot Noir,Patricia Green Cellars
13,US,"A standout even in this terrific lineup of 2015 releases from Patricia Green, the Weber opens with a burst of cola and tobacco scents and accents. It continues, subtle and detailed, with flavors of oranges, vanilla, tea and milk chocolate discreetly threaded through ripe blackberry fruit.",95,48,Oregon,Pinot Noir,Patricia Green Cellars
14,France,This wine is in peak condition. The tannins and the secondary flavors dominate this ripe leather-textured wine. The fruit is all there as well: dried berries and hints of black-plum skins. It is a major wine right at the point of drinking with both the mature flavors and the fruit in the right balance.,95,90,Southwest France,Tannat,Vignobles Brumont
15,US,"With its sophisticated mix of mineral, acid and tart fruits, this seductive effort pleases from start to finish. Supple and dense, it's got strawberry, blueberry, plum and black cherry, a touch of chocolate, and that underlying streak of mineral. All these elements are in good proportion and finish with an appealing silky texture. It's delicious already, but give it another decade for full enjoyment. Drink now through 2028.",95,185,Oregon,Pinot Noir,Domaine Serene
16,US,"First made in 2006, this succulent luscious Chardonnay is all about minerality. It's got a rich core of butterscotch and the seemingly endless layers of subtle flavors that biodynamic farming can bring. It spends 18 months on the lees prior to bottling. Drink now through 2028.",95,90,Oregon,Chardonnay,Bergström
17,US,"This blockbuster, powerhouse of a wine suggests blueberry pie and chocolate as it opens in the glass. On the palate, it's smooth and seductively silky, offering complex cedar, peppercorn and peppery oak seasonings amidst its dense richness. It finishes with finesse and spice.",95,325,California,Cabernet Sauvignon,Hall
18,Spain,"Nicely oaked blackberry, licorice, vanilla and charred aromas are smooth and sultry. This is an outstanding wine from an excellent year. Forward barrel-spice and mocha flavors adorn core blackberry and raspberry fruit, while this runs long and tastes vaguely chocolaty on the velvety finish. Enjoy this top-notch Tempranillo through 2030.",95,80,Northern Spain,Tempranillo,Valduero
19,France,"Coming from a seven-acre vineyard named after the dovecote on the property, this is a magnificent wine. Powered by both fruit tannins and the 28 months of new wood aging, it is darkly rich and with great concentration. As a sign of its pedigree, there is also elegance here, a restraint which is new to this wine. That makes it a wine for long-term aging. Drink from 2022.",95,290,Southwest France,Malbec,Château Lagrézette
20,US,"This fresh and lively medium-bodied wine is beautifully crafted, with cherry blossom aromas and tangy acidity. Layered and seductive, it offers a crisp mix of orange peel, cherry, pomegranate and baking spice flavors that are ready for the table or the cellar.",95,75,California,Pinot Noir,Gary Farrell
21,US,"Heitz has made this stellar rosé from the rare Grignolino grape since 1961. Ruby grapefruit-red, it's sultry with strawberry, watermelon, orange zest and salty spice flavor, highlighted with vibrant floral aromas.",95,24,California,Rosé,Heitz
22,Spain,"Alluring, complex and powerful aromas of grilled meat, berries, tea, smoke, vanilla and spice cover every base. An intense palate is concentrated but still elegant. Blackberry, molasses and mocha flavors finish with chocolaty oak notes, fine tannins and overall cohesion. Drink this special Rioja from 2020 through 2035.",95,79,Northern Spain,Tempranillo Blend,Muga
23,Spain,"Tarry blackberry and cheesy oak aromas are appropriate for a wine of this size and magnitude. In the mouth, this Tinta de Toro is expansive and grabby, with bullish tannins. Slightly salty earthy accents come with core blackberry flavors and notes of baking spices and chocolate, while on the finish this is long, chocolaty, delicious and not too hard or tannic. Drink through 2023.",95,220,Northern Spain,Tinta de Toro,Numanthia
24,US,"The apogee of this ambitious winery's white wine efforts, this bottling of just two barrels of Clone 5 shows focused marzipan, marcona almond and white peach notes on the nose. The palate sizzles with saltiness and a lemony acidity that cuts through its brown butter richness with finesse. The finish is luxurious and long.",95,60,California,Chardonnay,Center of Effort
25,US,"San Jose-based producer Adam Comartin heads 1,100 feet up into the mountains to source fruit for this tremendous wine, which offers wild cherry, sage, and eucalyptus scents on the nose. Ripe black plum and strawberry fruit lead the palate, followed by acid-driven waves of juniper, pine and bay leaf, finishing with a menthol-like sensation.",95,45,California,Pinot Noir,Comartin
26,New Zealand,"Yields were down in 2015, but intensity is up, giving this medium-bodied, silky wine the potential to drink well through at least 2025. Hickory smoke outlines white peach before ending in a long flurry of lime zest.",94,57,Kumeu,Chardonnay,Kumeu River
27,US,"Bergström has made a Shea designate since 2003, intent on showcasing a “pretty” style of the vineyard. Here are lovely aromatics, with grape jelly, rose petals and plum in the nose, and a complex run of red fruits in the mouth. Streaks of cola, brown sugar and more come up in a generous finish.",94,62,Oregon,Pinot Noir,Bergström
28,US,"Focused and dense, this intense wine captures the essence of ripe raspberries. Aged in 50% new French oak, it's got a strong vein of coffee and mocha. The flavors broaden out and penetrate, finishing with highlights of cedar, cinnamon and dark chocolate. Drink now through the 2020s, but decant if you want the full expression.",94,105,Oregon,Pinot Noir,Ponzi
29,US,"Cranberry, baked rhubarb, anise and crushed slate aromas show on the nose of this always-excellent bottling from the Franscioni family. The palate abounds with energy, driving black raspberry fruit accented with earthy loam, fennel, oregano and juniper through a compellingly round midpalate.",94,60,California,Pinot Noir,Roar
30,US,"This standout Rocks District wine brings earth shaking aromas of black-olive brine, tapenade, green olive, stargazer lilies, orange peel and crushed gravel. The smoked meat, charcuterie and blue-fruit flavors don't hold back, bringing a lovely sense of texture and detail. It's an intense wine that completely demands your attention.",94,60,Washington,Syrah,Saviah
31,Bulgaria,"This Bulgarian Mavrud presents the nose with suggestions of dried cherry, black plum, freshly ground black pepper and a whiff of eucalyptus. In the mouth it is balanced with soft tannins mingling with dried cherry, cassis and black plum.",90,15,Bulgaria,Mavrud,Villa Melnik
32,US,"Steely and perfumed, this wine sees only 20% new French oak, remaining vibrantly fresh. Baked apple and lemon pith veer into grapefruit on the palate, with spiciness to the finish that's both brash and loud.",90,37,California,Chardonnay,Zepaltas
33,Italy,"Underbrush, scorched earth, menthol and plum steeped in spirits are some of the aromas that unfold on the glass. The big, chewy palate doles out ripe wild cherry, raspberry jam, ground pepper and licorice alongside firm, velvety tannins. You'll also detect the warmth of alcohol on the finish.",90,23,Tuscany,Sangiovese,Abbadia Ardenga
34,France,"Pale in color, this is nutty in character, with a warm and rounded hint of red fruits. The wine has a soft, while still fresh, aftertaste. It is aged in cellars in Saumur on the Loire river.",90,22,France Other,Sparkling Blend,Bouvet-Ladubay
35,US,"The aromas entice with notes of wet stone, honeysuckle, chamomile and stone fruit. The palate is generous in flavor and feel, showing a fine sense of balance.",90,42,Washington,Chardonnay,Buty
36,Italy,"Forest floor, tilled soil, mature berry and a whiff of new leather combine on this. The ripe palate offers fleshy black cherry, dried aromatic herb and tobacco, while fine-grained tannins give the finish some grip. Drink 2018–2023.",90,135,Tuscany,Sangiovese,Carillon
37,France,"Gingery spice notes accent fresh pear and melon fruit in this medium- to full-bodied wine. It's round on the palate but not flabby, with a warm, spicy finish. Drink now.",90,60,Rhône Valley,Rhône-style White Blend,Clos de L'Oratoire des Papes
38,Italy,"Aromas of forest floor, violet, red berry and a whiff of dark baking spice unfold in the glass while wild cherry, black raspberry, ground pepper and star anise drive the palate. Framed in firm, fine-grained tannins, this is a classic Tuscan red. Drink through 2020.",90,29,Tuscany,Sangiovese,Avignonesi
39,Italy,"This has a charming nose that boasts rose, violet and red berry while the juicy, easy-drinking palate offers ripe wild cherry, chopped mint, white pepper and a hint of star anise. There isn't much complexity but it is savory and balanced, with fresh acidity and supple tannins.",90,23,Tuscany,Sangiovese,Casina di Cornia
40,Italy,"This bright, savory wine delivers aromas and flavors of juicy wild cherry, black raspberry, violet, white pepper and mocha. Polished tannins provide the framework. Enjoy through 2020.",90,29,Tuscany,Red Blend,Castello di Monterinaldi
41,Spain,"Earthy plum and cherry aromas score points for being clear and direct. The palate on this varietal Mencía is round, smooth and just right. Lightly briny, earthy plum and cherry flavors hold steady on the finish, with a dash of saltiness.",90,17,Galicia,Mencía,Don Bernardino
42,Spain,"This comes across wide and expansive as it lazily exudes oily aromas of hazelnut and toffee. A plump palate is not overly cutting or demanding, while flavors of lightly salted nuts and buttered toast end with toffee and peanut flavors.",90,26,Andalucia,Palomino,González Byass
43,US,"This is an aromatic brooder with aromas of scorched earth, plum, dried flowers and green herbs. It's full in feel with dense, dark-fruit flavors, tightly coiled tannins and tart acids—a pleasing example of the variety.",90,55,Idaho,Petite Sirah,Huston
44,Italy,"Aromas of dark-skinned berry, rose and wild herb lead the nose. The round, juicy palate doles out ripe black cherry, fleshy raspberry, white pepper and clove while polished tannins provide a smooth, velvety framework. Enjoy through 2019.",90,39,Tuscany,Red Blend,Rignana
45,France,"Dark in color and in flavor profile, this medium-bodied Cornas boasts aromas and flavors reminiscent of chocolate fudge, espresso and plummy fruit, all framed by soft, dusty tannins. Drink now–2025.",90,69,Rhône Valley,Syrah,Tardieu-Laurent
46,Italy,"A blend of 90% Sangiovese and 10% Canaiolo, this opens with aromas of violet, mature plum, espresso and a whiff of forest floor. The firm palate offers dried black cherry, ground pepper, toast and clove while packed, fine-grained tannins provide support. Drink through 2020.",90,30,Tuscany,Red Blend,Vignavecchia
47,Italy,"Sunbaked earth, ripe berry, baking spice and a whiff of menthol meld in the glass. The juicy palate offers red cherry, pomegranate, star anise, mocha and a hint of tobacco alongside fine-grained tannins.",90,90,Tuscany,Sangiovese,Banfi
48,US,"Blended with 9% Malbec, 9% Cabernet Franc and 5% Petit Verdot, this is a perennial classic for the winery, the sister brand of Cuvaison. Juicy in cherry and cassis, it sustains big, pillowy tannins and tar, suggesting more time for the fruit to match up with the structure. Drink through 2020.",90,60,California,Cabernet Sauvignon,Brandlin
49,Italy,"Ripe dark-skinned berry, forest floor and cooking spice aromas lead the nose along with a whiff of new leather. The chewy palate offers fleshy black cherry, cinnamon, vanilla and a hint of tobacco while polished tannins provide the framework. This is already accessible so no need to cellar it for years. Best through 2021.",90,50,Tuscany,Sangiovese,Brunelli Martoccia
50,US,"The aromas of blue fruit, herbs and spice are initially under tight restraint. The flavors are full, with the tannins simultaneously firm and fine grained. It shows good length.",90,40,Washington,Cabernet Sauvignon,Canvasback
51,Italy,"This robust red opens with aromas of espresso, plum cake, toast and dark spice. The hearty palate offers blackberry jam, licorice, vanilla and mocha alongside firm fine-grained tannins. A coffee note closes the finish.",90,100,Tuscany,Sangiovese,Capanne Ricci
52,France,"This structured, complex Chardonnay is packed with minerality and considerable weight. The tight texture and almost tannic character will soften over the next few months. Full of potential, it's drinkable now but will be so much better from 2017.",90,68,Burgundy,Chardonnay,Chartron et Trébuchet
53,France,"This ripe, full-bodied wine has ripe green fruits that are lifted by lime and made richer by apricot. Still young, with a concentrated structure, it's going to develop into a full, beautifully fruity wine. The name of the wine means the size of a parcel that demands the work of seven men for a day. Drink from 2017.",90,42,Loire Valley,Sauvignon Blanc,Cherrier Frères
54,France,"With its light color and cool feel, this well-balanced wine comes from a parcel of 30-year-old vines. The smoky tannins and intense acidity give a wine that will develop well and slowly. It's still young with its red-berry fruits and fresh aftertaste. Drink from 2018.",90,28,Loire Valley,Pinot Noir,Clement et Florian Berthier
55,US,"There's a lot to like in this nicely priced white, a blend of several regional vineyards. A taste of hazelnut expands on the palate to meet creamy Tahitian vanilla. Approachably round, this crowd-pleasing wine finishes in measured, integrated oak.",90,18,California,Chardonnay,De Loach
56,US,"A blend of Cabernet from Grand Ciel (31%), Ciel du Cheval (30%), Upchurch (28%) and Klipsun (11%) vineyards, wood spice aromas start out up front. The cherry flavors are light and elegant, with the tannins bringing some grip.",90,69,Washington,Cabernet Sauvignon,DeLille
57,France,"Delicious while also young and textured, this wine comes from biodynamically grown grapes. It has a strong sense of minerality as well as intense citrus and green fruits. It's tight at the moment and needs to round out, so drink from 2018.",90,33,Loire Valley,Sauvignon Blanc,Domaine Vacheron
58,US,"While exuberantly fruity, almost tropical on the nose, there's a crystalline edge to this dry Riesling that renders it especially refreshing. It's vibrant and light footed, brightened by a lingering honey note on the finish.",90,25,New York,Riesling,Dr. Konstantin Frank
59,US,"Cabernet makes up just over half of this blend. Aromas of black cherries, herbs and minerals are followed by plush-feeling dark-fruit flavors and backed by firm tannins. Drink now.",90,30,Washington,Cabernet Sauvignon-Syrah,Efeste
60,Italy,"This savory blend of 40% Merlot, 30% Cabernet Sauvignon, 25% Cabernet Franc and 5% Syrah opens with aromas of roasted coffee bean, leather, tobacco and dark woodland berry. The chewy palate offers juicy plum, cassis and clove alongside polished tannins. Drink through 2019.",90,60,Tuscany,Red Blend,Fattoria di Magliano
61,Argentina,"Concentrated, ripe blackberry and cassis aromas come with peppery spice and cedary oak notes. This is big and generous on the palate, with roasted, well-oaked blackberry flavors. A touch of heat lends sizzle to the finish. Drink through 2020.",91,30,Mendoza Province,Malbec,Matias Riccitelli
62,Australia,"Moorooduc's estate Pinot Noir is a solid value among the boutique offerings from the Mornington Peninsula. There's a supple cushioning of flesh wrapped around a firm backbone of acid, while the flavors run from black cherry and mint through earthier notes of brown sugar and roasted parsnip. Drink now through 2020.",91,36,Victoria,Pinot Noir,Moorooduc
63,Argentina,"Smoky aromas of fresh-cut wood blend with berry and cassis form a welcoming, generous bouquet. This feels lively on the palate, albeit tartaric. Oaky plum, cassis and vanilla flavors finish full and agreeable. Drink through 2019.",91,25,Mendoza Province,Malbec,Navarro Correas
64,France,"L'Homme Mort is a northern extension of the Fourchaume Premier Cru vineyard, so called because this was where a local lord dispensed justice by death. It often produces cooler wines such as this. It is tight, with toasted bread hints and with a strongly tangy character. It does need to develop and shouldn't be drunk before 2018.",91,45,Burgundy,Chardonnay,Domaine Chenevières
65,Portugal,"This is a super-ripe, still very young wine. It's showing all its concentrated fruits, wood aging flavors and dense texture as well as the firm tannins that will allow it to age. With its combination of black plum skin, blackberry and dark concentration, leave the wine until 2018.",91,23,Alentejano,Portuguese Red,Herdade do Rocim
66,US,"Fresh boysenberries and a blueberry sorbet character mix with notes of minty tarragon, dill and hot gravel on the nose of this wine, from an area between Gilroy and Morgan Hill. Peppercorns are prominent on the relatively light palate, along with tobacco, espresso and boysenberry.",91,36,California,Syrah,Jason-Stephens
67,France,"The steely character of a young Chablis is very apparent in this wine. It is crisp, lemon flavored and with a mineral edge. The wine has a juicy freshness, still young at heart and needing to age. Drink from 2018.",91,38,Burgundy,Chardonnay,Louis Max
68,US,"From the producer's monumental Atlas Peak vineyard, this is a tightly wound, solidly constructed mountain Cab, blended with a handful of Petit Verdot. Tobacco, black tea and a sliver of coconut intermingle around a medium-bodied whole that will benefit from cellaring, through 2021.",91,85,California,Cabernet Sauvignon,Michael Mondavi Family Estate
69,US,"Big, bold, dark and chewy, this builds upon substantial black-cherry fruit and supporting acids. Still knitting together, it shows highlights of cedar and tobacco, along with thick tannins. Give this a couple more years of bottle age, and drink after 2018.",91,50,Oregon,Pinot Noir,Panther Creek
70,US,"A juiciness of cherry and vanilla spark the opening of this wine, a celebration of the vintage, appellation and in this case, fruit-forwardness of the variety. With a backbone of oak and cedar, it has smooth tannins and medium weight, finishing in mocha chocolate. Drink now through 2022.",91,60,California,Cabernet Sauvignon,Provenance Vineyards
71,US,"Sweetened tannins highlight a depth of chocolate and blackberry in this 100% varietal wine made in small amounts. Soft and juicy, it crafts a balance of richness and density around elegant spicy clove and cinnamon.",91,85,California,Cabernet Sauvignon,Raymond
72,US,"This wine draws from a handful of tremendous vineyard sites, including the producer's estate, Platt and Clary Ranch, all cool-climate and windswept. It's a tight, light and minimally messed-with wine, bright in cherry, pomegranate and rose.",91,45,California,Pinot Noir,Red Car
73,Italy,"This offers aromas of red rose, wild berry, dark cooking spice and a whiff of sun baked earth. The ripe palate offers black cherry marinated in spirits, licorice, game and a hint of chocolate alongside velvety tannins. The warmth of alcohol closes the finish. Drink 2018–2029.",91,33,Piedmont,Nebbiolo,Silvano Bolmida
74,US,"Massively fruity, this is an apple/pear bonanza, fleshy and almost lasciviously delicious. The huge fruit flavors convey an impression of sweetness, though this is not identified as off dry. It has tremendous density and length.",91,19,Oregon,Pinot Gris,Trinity Vineyards
75,Portugal,"It is the ripe dark Alicante Bouschet that dominates this firmly structured wine. It is packed with tannins along with a hugely dense texture and concentrated juicy berry flavors. It is very firm, still young. Wait until 2017.",91,15,Alentejo,Portuguese Red,Adega Cooperativa de Borba
76,US,"An elegant blend from different estate vineyards, this widely available cuvée brings sturdy tannins and red currant fruit, highlighted with pretty baking spices. It would be an ideal match for roast duck with an orange sauce.",91,54,Oregon,Pinot Noir,Archery Summit
77,France,"This wine is bone-dry, although with some age the shock of the acidity has been rounded out by a hint of toast. It's linear, fresh and intensely crisp, with citrus and almond tones. Drink this wine from a good vintage now.",91,85,Champagne,Chardonnay,Aubry
78,US,"Given four months in concrete egg, this is an exotically crisp and textured white, lean and high in acidity with plenty of mouthcoating body to find its balance. Lemon, grapefruit and tangerine are the highlights, finished in refreshing layers of white peach.",91,38,California,Sauvignon Blanc,B Cellars
79,US,"This wine over-delivers in quality for the price. It's made from mostly Cabernet Sauvignon, with handfuls of Merlot, Malbec, Petit Verdot and Cabernet Franc blended in to good effect. The whole combines into layers of chocolate and graham cracker, dappled in vanilla and jam. Thick tannins suggest a swirl or two of the glass. The finish is all tobacco.",91,28,California,Cabernet Sauvignon,B Side
80,Italy,"Underbrush, smoke, mocha and dark fruit aromas lead the nose and carry over to the ripe palate along with dried black cherry, licorice and clove. Firm, velvety tannins provide the framework. Drink 2018–2028.",91,75,Piedmont,Nebbiolo,Bel Colle
81,US,"Generous black-cherry fruit anchors this barrel-aged wine that remains tartly acidic, with pretty accents of toast and mocha. Focused, young and fresh, it should drink optimally 2018–2028.",91,42,Oregon,Pinot Noir,Bethel Heights
82,Israel,"Dark red violet in color, this wine has aromas of cherry, lavender and rose petal. It is a well-balanced wine with flavors of black cherry, raspberry, Turkish delight and herbes de Provence. Silky tannins coat the palate into the lasting finish, which is punctuated by a note of bright cherry.",91,25,Upper Galilee,Cabernet Sauvignon,Binyamina
83,Italy,"Berry, baking spice, dried iris, mint and a hint of vanilla come together on this structured wine. On the palate, notes of white pepper, sage, anise, orange zest and yellow peach accent the red cherry core while a balsamic note closes the finish. Firm, refined tannins provide the backbone.",91,33,Piedmont,Nebbiolo,Ceste
84,Italy,"This hearty red opens with aromas of leafy underbrush, leather, licorice and a hint of menthol. The firm, chewy palate offers ripe wild cherry, raspberry jam, anisette and tobacco. Brooding tannins support the dark flavors. Drink 2019–2029.",91,59,Piedmont,Nebbiolo,Cascina Cucco
85,Italy,"Enticing aromas of woodland berry, crushed rose, mint and menthol lead the nose on thisfull-bodied red. Mint carries over to the palate along with wild cherry, red raspberry, kitchen spice and a hint of toast. Assertive tannins and bright acidity hold it all together.",91,85,Piedmont,Nebbiolo,Cascina del Monastero
86,Italy,"Aromas of French oak, coconut, vanilla and spiced plum lead the nose on this powerfully structured wine. The oak sensations carry over to the warm palate along with cherry marinated in spirits, licorice and menthol. Bracing, close-grained tannins provide the framework and need time to unwind. Best after 2020.",91,80,Piedmont,Nebbiolo,Cordero di Montezemolo
87,France,"This delicious, refreshing wine is textured, tight and mineral, with fruity acidity. Tangy and crisp, it has a tight structure, touches of toast along with apple and citrus flavors. The wine is still young and very tight, so should not be drunk before 2017.",91,45,Burgundy,Chardonnay,Domaine Gérard Duplessis
88,US,"From a multiplicity of vineyards, this wine works and is a tremendous value for the price. It mixes hot mulled-cider spices, cinnamon, clove and pine forest, conveying surprising depth. Plum, dark cherry and more clove lead to a powerful, leathery finish.",91,22,California,Cabernet Sauvignon,Eagle Glen
89,US,"The first Pinot Noir release from this producer, this is a velvety-smooth, exotic and charming wine, light on the palate despite a concentration of ripe, rich fruit. Kirsch, cherry, raspberry and cinnamon combine to make the wine invitingly lush and plush.",91,65,California,Pinot Noir,Eleven Eleven
90,US,"A red Meritage driven by 73% Cabernet Sauvignon, this structured, full-bodied wine also blends in 19% Merlot, 3% Petit Verdot and 3% Malbec. Blackberry and chocolate accent chalky tannins, with bold hits of black licorice, cassis, pencil and black tea. Drink now through 2020.",91,50,California,Meritage,Franciscan
91,US,"Bright, light oak shadings dress up this medium-bodied wine, complementing the red cherry and strawberry flavors. It's fresh, fruity and not very tannic—easy to drink and enjoy.",86,10,California,Cabernet Sauvignon,Belle Ambiance
92,Portugal,"The local Baga grape, better known for producing structured red wines, also lends itself to fruity sparkling rosé. Bright acidity gives this crisp wine its tangy, red currant character. Drink now.",86,12,Beira Atlantico,Baga,Adega de Cantanhede
93,Italy,"Aromas of white spring flower, orchard fruit and citrus spill out of the glass. The fun lively palate delivers ripe yellow peach and green apple alongside a foaming mousse.",86,22,Veneto,Glera,De Stefani
94,US,"A smoky scent and earthy, crisp-apple flavors make this medium-bodied wine a change of pace from the average butterball Chardonnay. It has welcome acidity and a nicely smooth texture.",86,13,California,Chardonnay,Parducci
95,Portugal,"This family-owned estate has produced an immediately attractive entry-level wine. Lightly spiced with wood, it blends Touriga Franca, Tinta Roriz and Tinta Barroca to show black fruit, ripe tannins and bright acidity. Drink now.",86,10,Douro,Portuguese Red,Quinta do Portal
96,France,"This is a smooth, soft wine that is full of black fruits and ripe tannins. The Merlot rounds out the rougher edges of the Malbec to give a rich juicy wine that will develop quickly. It is all fruit, generous and ready to drink from 2017.",86,14,Southwest France,Malbec-Merlot,Rigal
97,US,"This is an easygoing wine that's neither too oaky nor too crisp, with a decent blend of ripe pear and baking spice flavors paired with soft, smooth texture.",86,18,California,Chardonnay,The Naked Grape
98,US,"Blended with small amounts of Merlot, Cabernet Franc, Petit Verdot and Malbec, this is an austere, unfussy red made in modest quantities that has crisp red currant and cranberry flavors interwoven with cedar and dried herb.",86,36,California,Cabernet Sauvignon,Tin Barn
99,France,"Closer to Bordeaux than is Cahors, this is Malbec with a cooler visage. It has spice and stalky tannins along with plenty of acidity. The wine is bright with red berry fruits and a crisp lightly mineral aftertaste. Drink from 2018.",86,15,Southwest France,Merlot-Malbec,Georges Vigouroux
100,France,"This is a blend of 60% Ugni Blanc and 40% Colombard that gives a deliciously light and refreshing wine. Bright and breezy, it is perfumed, herbal and full of direct citrus flavors. Drink now.",86,10,Southwest France,Ugni Blanc-Colombard,Georges Vigouroux
101,US,"Juicy kiwi, lime blossom and sour apple candy aromas show on the nose of this ripe white—the first 2016 submitted from the region. The palate is oily in texture, with honeydew and more lime-kiwi-bubblegum flavors.",86,24,California,Viognier,Hawk Watch Winery
102,US,"Brambly and herbal, this wine shows bright acidity underlying a full-bodied, incoherently ripe palate of tar, toffee and rich cola notes.",86,50,California,Cabernet Sauvignon,Hestan
103,Italy,"The nose is a bit shy but eventually reveals underbrush, red berry and a toasted note. The straightforward palate is quite lean, offering raw sour cherry, a green note of powdered sage and a hint of ground pepper alongside raspy tannins that leave an astringent finish.",86,45,Tuscany,Sangiovese,Il Grappolo
104,US,"This Cabernet Sauvignon-dominant blend boasts leather, tobacco leaf and black pepper flavors, giving it muscle and a rustic edge, the tannins and fruit mellowed with age.",86,48,California,Cabernet Sauvignon-Cabernet Franc,Ehret
105,US,"Fans of stickies may find pleasure in this bottling, but it is tremendously sweet and oily. Candied honeydew and kiwi scents meet with sweet juniper and pine on the nose. On the palate, it tastes squarely of golden honey. It's soft, unctuous and thick in consistency.",86,20,California,Moscato,EOS
106,US,"Aromas of ripe (leaning almost overripe) apple, melon and orange peel are followed by medium-sweet fruit flavors. It needs more acid to stand it up.",86,17,Washington,Pinot Grigio,Martinez & Martinez
107,US,"Strong wood smoke and grilled meat aromas lead to equally assertive oak and dried herb flavors, giving this wine extreme personality. It has medium body and rather soft tannins and texture to balance.",86,12,California,Cabernet Franc,Ironstone
108,US,"This medium-bodied wine has more earthy and floral flavors than straightforward fruit, so it's something a bit different. Well-priced and easy to drink, it can please a crowd.",86,10,California,Chardonnay,Leaping Horse
109,US,"This wine is dry and substantial, emphasizing earthy, savory flavors over fruity ones. An attractive walnut and almond element carries through from the aroma to the flavors.",86,13,California,White Blend,Kitchen Sink
110,US,"This is from a hillside estate vineyard and is entirely barrel fermented, its oak subtle and supportive. Medium bodied and not overripe, it offers honeysuckle aromas and lime and lemon rind flavors.",86,45,California,Chardonnay,Kuleto Estate
111,Portugal,"This state-owned estate of forests and vineyards grows organic grapes. This wine, softly structured and ripe has light black fruits and plenty of acidity. An undercurrent of tannin keeps the wine in order and will allow it to age. Drink from 2018.",86,12,Tejo,Portuguese Red,Wines & Winemakers
112,Argentina,"This copper-tinted rosé of Pinot Noir smells like a rubber gym ball and citrus fruits. A full round bouncy palate brings it around, while dry citrus and stone-fruit flavors show a skins-like quality on a steady finish.",86,12,Mendoza Province,Rosé,Zorzal
113,US,"This mountain-grown wine is hugely tannic and oaky, hard to penetrate in its full-bodied ripeness. Smoky oak and currant flavors vie for attention against a backdrop of concentration and power.",86,125,California,Cabernet Sauvignon,Charles Krug
114,US,"Savory apples and pears mingle into lemon and bramble in this slightly earthy off-dry Riesling. Sunny tangerine acidity is easy but bright, leading a delicately sweet finish.",86,25,New York,Riesling,Millbrook
115,South Africa,"Muted aromas of tart gooseberry and lime peel dance in the bouquet, while pithy flavors of plum skin, currant and citrus rind unfold on the lightweight, slightly astringent palate. Pleasant hints of fresh herbs and saline make a fleeting impression on the close.",86,20,Stellenbosch,Sauvignon Blanc,Waterkloof
116,Argentina,"Aromas of prune, raisin and black plum are full and gritty. A chunky full-bodied palate feels grabby, while this tastes of generic blackberry, burnt coffee and dark chocolate. A steady plump, rubbery finish closes the show.",86,15,Mendoza Province,Malbec,Viñalba
117,Spain,"Aromas of brandied cherry and crème de cassis include a horsey sidenote and some heat. This sweet Monastrell smacks the palate with hard tannins. Flavors of black cherry, cassis and baked plum finish blocky.",86,123,Levante,Monastrell,Casa de la Ermita
118,France,"This pale pink-grey colored wine is a blend of Duras and Merlot. It is lively and fruity, with a red-currant flavor, delicious crisp acidity and a soft, lively aftertaste. Drink now.",86,20,Southwest France,Rosé,Château Clément Termes
119,France,This softly fruity wine has the lightest of tannins and plenty of simple red-berry fruits. There is an earthy edge to the young wine as well as plenty of acidity at the end. Drink now.,86,15,Southwest France,Gamay,Château Coutinel
120,Portugal,"This broad, fruity wine brings out ripe berry flavors in spades. It has generous fruit, soft tannins and a smooth, open texture. Drink now.",86,7,Alentejano,Portuguese Red,Adega Cooperativa de Borba
121,US,"Let this burly, big-boned beauty open to fully enjoy its robust oak and fistfuls of black cherry, the oak showing in terms of toasty, slightly reductive aromas. A smooth texture keeps the wine flowing along a concentrated highway of power and ripeness.",91,59,California,Pinot Noir,MacPhail
122,US,"This small-quantity selection from within the Charles Vineyard was fermented by native yeast, and neither fined nor filtered. It is quite aromatic, full bodied and moderately fruity, and has a nice rounded mouthfeel, generous red-cherry and spice flavors and good structure from acidity and mild tannins. Tart cherry lingers on the finish.",91,49,California,Pinot Noir,Foursight
123,US,"A deeper salmon color with elegantly lacy bubbles and a slight cloudy appearance, this sparkler by Norm Yost offers dessicated watermelon, dried orange blossoms, yeast, citrus rinds and fresher strawberry notes on the nose. Tart raspberry and yeasty melon show on the palate, which offers a salty component as well as a surprising but nice amount of grip.",91,42,California,Sparkling Blend,Goat Bubbles
124,US,"This wine takes time to unravel and reveal itself, rewarding the patient with a wealth of high-toned citrus and elegantly wound, medium-bodied honeyed pear and caramel. Lengthy and complex, it's one to consider aging and allowing to further mellow over time. Drink now through 2021.",91,93,California,Chardonnay,Grgich Hills
125,US,"This wine is tasty, tangy and nervy, bringing a very refreshing and appetizing mouthfeel, and wonderful fresh acidity. All of that tang shows good fruitiness too, as the red-cherry and cranberry flavors are vivid and concentrated. It's a versatile wine to drink now or buy by the case to save some bottles for more aging.",91,32,California,Pinot Noir,Navarro
126,US,"This medium-bodied wine has a compelling blend of restraint and power. It offers modest, fruity aromas at first, then nice tart fruit flavors that start off lean and soon expand exponentially in the mouth before tapering off elegantly on the finish. With little oak flavor in the way, it gives pure Pinot sophistication.",91,20,California,Pinot Noir,Navarro
127,US,"Renwood's tiny two-barrel production of its most expensive Zinfandel has aromas like vanilla and coconut and flavors as rich as milk chocolate and strawberry jam. This full-bodied wine is practically a liquid dessert, though it's not overly sweet. It's full-bodied, smooth and broad in texture.",90,100,California,Zinfandel,Renwood
128,US,"This is a thick, chocolatey wine with a side of leather and black pepper that appeals on multiple levels. Full-bodied concentration gives way to a smooth, rounded palate robust in blackberry and vanilla.",90,50,California,Cabernet Sauvignon,Trinchero
129,Spain,"Aromas of strawberry, currant and spice are good in a subtle, non-pushy way. Fresh and grabby on the palate, this tastes of red fruits, baking spices and cocoa. Drying tannins along with cassis and chocolate flavors push a healthy finish. Drink through 2020.",90,22,Northern Spain,Tempranillo,Pagos del Rey
130,Italy,"Scents of Spanish broom, pineapple, orchard fruit and a saline note meld together in the glass. The focused palate offers mature apple, peach, botanical herb and mineral alongside firm acidity.",90,45,Sicily & Sardinia,White Blend,Biondi
131,Italy,"Juicy and delicious, this has aromas of ripe orchard fruit and fragrant Spanish broom. The succulent palate doles out crisp Granny Smith apple, Anjou pear, nectarine and mineral alongside bright acidity.",90,18,Southern Italy,Greco,Cantine di Marzo
132,US,"Fairly light in the glass, this bottling shows chalk, slate and wet-sand minerality on the nose, alongside Asian pear flesh, kiwi and honeydew fruit notes. The texture is quite pithy once sipped, showing grapefruit and apple skins, and then it warms toward yellow pears and a sea salt warmth.",90,45,California,Chardonnay,Alexander-Smith
133,US,"Meaty, smoky aromas and good, high-amplitude fruit flavors give a robust personality to this full-bodied, dry and firmly tannic wine. It will make a good pairing with pasta, roasted birds or grilled meat.",90,26,California,Barbera,Andis
134,US,"This is a delightfully crisp, elegant and lip-smacking wine, that's subtle and easy to love. Lemon peel, apple skin and pear play together well, never becoming distracting, but instead integrating well with one another and the light hint of oak. Food friendly, it's also a great deal.",90,16,California,Chardonnay,Benziger
135,US,"While Cabernet Sauvignon dominant, all five red Bordeaux varieties are represented here. Dark in color, a combination of black pepper and black-fruit syrup meets earthy and dry tannins. This structured wine needs time. Cellar through 2020.",90,30,California,Cabernet Sauvignon,Beaucanon
136,US,"Quite dark in color, brooding aromas of olallieberry, blackberry, grape soda, plums and concentrated purple flowers appease the nose on this bottling from one of Paso's newly designated appellations. The palate blends licorice, turned earth and eucalyptus with a fresh pomegranate juice flavor.",90,42,California,Grenache,Brecon Estate
137,US,"A nose of sour cherry and cranberry meshes with sandalwood and savory herbs on this single-site study by the longtime Paso producer. The palate is overflowing with oregano and other dried garden herbs, laid against a juicy red and purple-fruit frame.",90,38,California,Zinfandel,Peachy Canyon
138,US,"Heavy fruit concentration meets thick, velvety tannins in this full-bodied, deeply colored and extremely flavorful wine. It's big enough to pair with big proteins, and concentrated enough to keep improving in the cellar. Best after 2019.",90,48,California,Rhône-style Red Blend,Three
139,Spain,"Cherry, plum, vanilla and mild oak aromas feed into a medium-bodied, elegant palate with plum and cherry flavors supported by a touch of toasty oak and vanilla. Notes of café mocha and toast grace a crisp finish that isn't trying too hard.",90,17,Northern Spain,Tempranillo,Valdelacierva
140,France,"Attractive fruity tones of red currant, raspberry and strawberry hull dance in the bouquet of this pretty rosé, graced by garrigue accents of lavender and rosemary. Flavors of red berry skin and peach pit unfold on the medium-weight palate, framed by soft tannins and a delicate spice note that lingers on the close.",90,18,Languedoc-Roussillon,Rosé,Château de Lancyre
141,France,"Lightly structured, this is a balanced, ripe wine. It has profited from the good vintage to offer strawberry, raspberry and citrus flavors that are well balanced and textured. Drink this attractive wine now.",90,15,Bordeaux,Rosé,Château Suau
142,US,"A sublime twist of citrus lies at the heart of this light yet complex white, which is refreshing and layered with a subtle bite of underlying oak. From a dry-farmed vineyard maintained by the same family for 30 years, this whole-cluster pressed wine was given time in a majority of stainless steel and neutral French oak. It shines in moderate acidity and tropical flair.",90,28,California,Sauvignon Blanc,Clif Family
143,US,"There is tons of lively action packed into the nose of this wine, from rosebuds and zesty cherry cola to cinnamon spice and rainbow peppercorns. The texture is relatively light on the sip, and yet grippy tannins and a bursting acidity swim across the palate, showing vibrant iron and red-fruit flavors.",90,25,California,Grenache,Santa Cruz Mountain Vineyard
144,US,"Estate grown and aged in Stainless steel, this racy and pungent wine is packed with rich, juicy fruit flavors. Apple, lemon-lime and tangerine are in the mix, showing that Chardonnay does not always need oak flavors to have real power.",90,26,Oregon,Chardonnay,Schmidt
145,US,"Clean, sharp and zesty fruit blossom aromas meet with ripe pomelo and green apple scents on the nose of this wine by Steve Dooley. A fresh, tingling acidity shows on the sip, which is a tad sour with stone fruit skins but bountiful in a slate-driven minerality and grippy texture. Cool climate Albariño has much promise in the state.",90,24,California,Albariño,Stephen Ross
146,US,"Red-cherry and strawberry aromas meld with rich fruit and warm baking-spice flavors to make this full-bodied wine hard to resist. The style is in the ripe, pastry shop mode, and soft tannins and acidity complete the picture.",90,55,California,Pinot Noir,Goldeneye
147,US,"This is an exuberantly fruity, spicy and robust wine, speckled with 2% Petite Sirah. Dark and full of red berry flavor, the palate is dusted in brown sugar and black pepper. Ripe and concentrated, it drinks smooth and elegant despite its serious power.",90,36,California,Zinfandel,Grgich Hills
148,Spain,"Aromas of white flowers, stone fruits and lees are typical of well-made Albariño. A juicy, elegant palate with a mix of citrus and stone-fruit flavors is lasting, with a hint of pithy character coming up on the finish.",90,17,Galicia,Albariño,Mar de Viñas
149,US,"Quite vibrant and floral on the nose, this shows deep blackberry and both dried and fresh purple-flower elements as well as a baked berry pastry. The flavors are well integrated on the palate, where cooked blackberries in a vanilla pie crust combine with juicy strawberry, peppercorns and rosemary spice.",90,40,California,Syrah,Kessler-Haak
150,US,"This most intriguing white grape, which the Larners grow as an ode to their Italian past, shows a sweet nose with a bone dry palate. Sugary citrus scents of orange blossoms and peach syrup give way to a brisk palate full of honeysuckle, night jasmine and a nearly pine needle bitterness that cuts dynamically through it all.",90,28,California,Malvasia Bianca,Larner
151,US,"Reflecting the vintage, this Pinot is light and lithe in style. It shows tart cherry fruit and suggestions of chocolate, with bright acidity and a thin finish.",89,50,Oregon,Pinot Noir,Bomb
152,Greece,"This wine is a conversation starter, with its nose of mandarin orange, lemon peel and vanilla. On the palate, white flowers, citrus and lush tropical fruits mingle well. Pair with salmon and poultry.",89,24,Atalanti Valley,White Blend,Hatzimichalis
153,Spain,"Dusty, leesy aromas of apple and vanilla are sturdy. This brut Cava is fresh and modestly elegant on the palate, with lime, apple and tarragon flavors. A dry, confident finish offers apple and citrus flavors and a sense of ease.",89,17,Catalonia,Sparkling Blend,Bohigas
154,Greece,"Bright aromas of citrus and tropical fruit give this easygoing white an easy appeal. Balanced and fresh, it's an elegant wine that will pair well with grilled fish and salads.",89,21,Santorini,Assyrtiko,Boutari
155,Greece,"Peach, pear and lemon on the nose start this cheerful white from Alpha Estate. On the palate, it offers some complexity of exotic fruit and with a vein of acidity. Soft overall in profile, this wine is easygoing and enjoyable.",89,18,Florina,Malagouzia,Alpha Estate
156,Chile,"Lightly herbal, horsey aromas of blueberry, black plum and cardamom are ripe by Carmenère standards. Hailing from a hot vintage, this is a bit flabby in feel, with soft tannins. Chunky plum and blackberry flavors finish with notes of licorice and mint along with a chewy, syrupy feel.",89,20,Marchigue,Carmenère,Viña Bisquertt
157,France,"This well-balanced, fruity wine allows space for some solid dry tannins that also show wood aging. Berry fruits shine through the structure to give a juicy character that is underlined by the fresh acidity at the end.",89,20,Southwest France,Bordeaux-style Red Blend,Chateau Quattre
158,US,"In this fruit-forward vintage, it's not surprising to find that what shines here are the bright, spicy and tart flavors of strawberries, raspberries and cherries. The Sangiovese was co-fermented with 7% Syrah, and aged in 30% new American oak. As the wine breathes open the flavors of oak and char come up, and the tannins show some extra grip.",89,24,Oregon,Sangiovese,Ledger David
159,Spain,"Aromas of leather, roast plum and compost are challenging and not immediately inviting. In the mouth, this shows rubbery tannins and juicy acidity. Saucy, herbal plum and currant flavors ride on a beam of acidity toward an earthy, tomatoey finish with a lightly leafy aftertaste.",89,44,Northern Spain,Tempranillo,CVNE
160,Chile,"Staunch berry, cassis and spice aromas are friendly and congruent. This Malbec-led blend is jammy in feel, a bit hollow in the middle, and easy to like as a whole. Blackberry and blueberry flavors finish fleshy, with soft tannins.",89,19,Colchagua Valley,Red Blend,Estampa
161,US,"Winemaker Billy Wathen blends 60% Merlot and 40% Cabernet Franc into this blend that's named after the U.S. Geologic Survey's name for Happy Canyon. A nose of dried oregano and thyme has a Bing cherry backdrop, with a palate of green peppers, blackberries and tomato leaf.",89,42,California,Bordeaux-style Red Blend,Foxen 7200
162,US,"A blend of fruit from three Rogue Valley sites, this is a fine example of the style of Pinot made in Southern Oregon. The estate vineyard sits at 2,100 feet on a steep, east-facing slope, with densely planted vines. It's a big, blocky, full-bodied wine, loaded with flavors of black cherry, black coffee and barrel toast. Tannins are substantial, but the flavors are full and forward. What it lacks in elegance it makes up for in immediate likeability.",89,35,Oregon,Pinot Noir,Irvine Family Vineyards
163,Spain,"Dense, tarry aromas of asphalt and rubbery boysenberry are hefty but also a bit flat. This has a tannic mouthfeel to go with blackberry, prune and raisin flavors. Toast, bitter chocolate and full-bodied weight push the finish on this oaky, ripe Rioja. Drink through 2020.",89,44,Northern Spain,Tempranillo Blend,Marqués de Cáceres
164,US,"This medium-bodied wine shows an array of smoky, meaty aromas, along with ripe plum and tart blackberry flavors. Not at all overripe, but made with some restraint, it allows savory flavors like tarragon and anise to peek through. The blend includes 9% Cabernet Sauvignon.",89,16,California,Syrah,Matchbook
165,US,"The grape's usual peachy aromas show on this wine from regional pioneer Gary Eberle, along with lemon juice, honey and a touch of minerality. There is a nice mineral-driven tension on the palate, with flavors of apple and pear cider. It's a solid, down-the-middle take on the grape—not too ripe, not too thin.",89,23,California,Viognier,Eberle
166,US,"Tightly focused, as is often true of single-vineyard bottlings, this matches spicy berry fruit to light barrel flavors of milk chocolate. It's smooth and accessible, but finishes a bit short.",89,36,Oregon,Pinot Noir,Silvan Ridge
167,Italy,"Crushed plum, espresso, tobacco and cedar aromas unfold in the glass. A blend of 90% Merlot and 10% Alicante, the straightforward palate offers blackberries, red currants, clove and licorice alongside fine-grained tannins.",89,25,Tuscany,Red Blend,Tenuta degli Dei
168,Italy,"Aromas of wild berries, violets and a whiff of spice lead the nose on this blend of Sangiovese and 15% Merlot. The savory, easygoing palate offers mature black cherry, clove and black pepper alongside lithe tannins. Drink through 2016.",89,22,Tuscany,Red Blend,Poggio Mandorlo
169,Portugal,"Structured and firm, this is a dry wine with the potential of fine fruit in the future. Acidity cuts through the texture promising the freshness of black currants and berries. It's a perfumed wine that can still age. Drink from 2016.",89,20,Douro,Touriga Nacional,Quinta das Carvalhas
170,US,"This has a light yellow color with a touch of green and a subtle smell of crisp green apples. Flavors that are richer than expected, like poached pears, butter and fig. The texture is rich, the body full and the ripe flavors linger on the finish.",89,25,California,Chardonnay,Occasio
171,US,"Rhubarb, cola and pencil shavings emerge from the glass on this appellation blend from the longtime Santa Rosa Road winery, today owned by the Terlato family. Deeply earthy aromas of beet juice, root beer and dried berries arise on the palate, showing the region's typical blend of soil minerality and dark fruit.",89,42,California,Pinot Noir,Sanford
172,Chile,"Dark, charred, lemony aromas of graphite, licorice and blackberry are horsey and baked. This blend of 85% Cab Sauv and 15% Cab Franc has an intense, blocky, pinching palate and heavy flavors of black fruits, resiny oak, spice and salt. A woody, tannic, raw feel to the finish creates a bumpy landing. Drink through 2021.",89,30,Curicó Valley,Cabernet Sauvignon-Cabernet Franc,Santa Alba
173,Greece,"Aromas of leather, cherry and plum lead this balanced red from Boutari. Ripe cherry, cedar and cinnamon flavors carry the palate, with soft tannins giving a sultry feel.",89,17,Nemea,Agiorgitiko,Boutari
174,US,"Made from what Californians call the Pommard clone, this has a light, traditional garnet color. Fresh and lively fruit aromas resemble cranberries and red cherries, followed by tangy fruit and cinnamon flavors of medium intensity, supported by firm acidity and moderate tannins.",89,49,California,Pinot Noir,Foursight
175,France,"This is aged in oak, but the vessels are large casks, or foudres, so the impact isn't that noticeable. The wine is meaty and savory on the nose, but the palate shows more herb-garrigue flavors and superripe cherry fruit. Drink now–2017.",89,16,Rhône Valley,Rhône-style Red Blend,Ogier
176,Spain,"Pleasant red-fruit aromas of cherry and raspberry are low in octane for Toro. A fresh but not overly dense palate is lively and vital, with wild berry, plum and brown sugar flavors. A warm, heady, generous finish is fruity and bright. Drink through 2018.",89,30,Northern Spain,Tinta de Toro,Pagos del Rey
177,Italy,"Here's a sleek Sangiovese that opens with scents of toasted oak, vanilla, blue flowers and mature plum. The round palate is already accessible, serving up sweet black cherry, black raspberry, licorice and mint framed in assertive but fine-grained tannins.",89,40,Tuscany,Sangiovese,Altesino
178,Italy,"A robust blend of 70% Sangiovese and 30% Cabernet Sauvignon, this offers aromas of baked plum, mocha, menthol and oak-driven spice. The hearty palate initially opens with black fruit, chocolate, licorice and dried herb flavors but the heat of evident alcohol dominates the finish and the close.",89,57,Tuscany,Red Blend,Cabreo
179,US,"Juicy and soft in blackberry and black cherry, this wine is nicely resolved in terms of tannin and oak structure,. These provide weight on the back palate, with enough heightened acidity on the finish to stay on balance. Strawberry and dried herb close things out.",89,29,California,Cabernet Sauvignon,Cameron Hughes
180,Chile,"Aromas of latex, tire rubber, spice, cured meat and berry fruits are rugged and require patience to sift through. This Cabernet Sauvignon-led blend is big and grabby, but not precise, with loud, herbal, muscular flavors of stewed plum, licorice and peppercorn.",89,61,Maule Valley,Red Blend,Casa Donoso
181,US,"Focused streaks of high-acidity lemon and a low oak profile combine for a refreshing take on Chardonnay, the other components coming together in swathes of fennel and brine. The wine finishes with a hit of power.",88,25,California,Chardonnay,Rodney Strong
182,US,"Oak aromas takes center stage with this wine by the Riboli family, with black cherry extract and a nearly Bourbon-barrel character on the nose. The rich, deep red fruit carries to the palate, which gains complexity from licorice and a tiny bit of tar.",88,25,California,Syrah,San Simeon
183,US,"Super earthy, in the classic damp forest-floor way, this also offers hints of menthol, eucalyptus and tomato leaf. The wine begins light bodied, but builds up power and weight as it goes. Layered with black cherry and plum, it's dark and savory.",88,49,California,Pinot Noir,Siduri
184,US,"Stainless-steel fermented and aged, this 100% varietal wine suggests kumquat, talc and wet stone. The flavor concentration is light with taut acidity the focus. It needs food; pair it with shellfish to see it shine.",88,20,Washington,Picpoul,Syncline
185,Argentina,"Dark, minty, inky aromas of blackberry are rugged. Same for the palate, which is pinched and rubbery, with grabby tannins. Flavors of toasted, blackened berry fruits are chocolaty and well oaked. Raw heat and minty, coffee flavors rev up the finish on this Malbec-led blend.",88,26,Mendoza Province,Bordeaux-style Red Blend,Piattelli
186,US,"Merlot (57%) takes the lead on this lighter-colored wine that offers raspberries, cherries, herbs and woodspice. The fruit flavors are fresh and elegant, with lightly chalky tannins.",88,34,Washington,Bordeaux-style Red Blend,Pondera
187,US,"This is a lush and powerful wine from a vineyard in the recently designated Paso Highlands district. Aromas suggest gingerbread topped with kirsch-soaked, chocolate-covered cherries. The palate is thick and heavy, with mocha, stewed plums, mashed cherries and black earth, which gain complexity from tannins and pencil lead.",88,38,California,Zinfandel,Tobin James
188,US,"Hailing from the recently designated Paso Highlands subappellation, this hearty wine shows earthy aromas of nutmeg, iron, hot rocks, loam and cherry extract. It's lush and ripe with cassis and black cherry fruit, yet shows a more elegant chalkiness on the palate as well, rounded out by cocoa powder.",88,38,California,Zinfandel,Tobin James
189,Spain,"Apple, nectarine, lees and briny aromas steer this Godello toward a round, full palate. Slightly bitter flavors of melon and peach finish much like the wine starts—briny and leesy. This is also pithy tasting, like the inside of a grapefruit peel.",88,25,Northern Spain,Godello,Valdesil
190,Spain,"Coffee grinds, raisin and baked aromas suggest overripeness. This is heavy, broad and a bit clumsy on the palate. Berry and prune flavors are solid but not overly fresh, while the finish is full and raisiny as it improves over time.",87,22,Catalonia,Red Blend,Jaspi
191,Argentina,"Dark-berry aromas are crisp and show a note of minerality as well as barrel char. This is firm, juicy and modest in structure, with flavors of blackberry and cassis touched up by some oak. A non-pushy finish with a hint of mocha is a good close.",87,15,Mendoza Province,Malbec,Tupun
192,France,Bright fruit is allied to a more mineral structure to give a wine that shows the freshness of the vintage plus a more long-term view. It is cool with red fruits and some firm tannins that act as a background. Drink from 2017.,87,20,Bordeaux,Bordeaux-style Red Blend,Château Beauregard Lagupeau
193,France,"Owned by the Cruse family, one of the Bordeaux wine aristocracy, this rich wine is dominated by Merlot, giving it ample weight. The 18 months of wood aging shows in the smoky edge to the wine, although this will soften. Drink from 2017.",87,25,Bordeaux,Bordeaux-style Red Blend,Château du Taillan
194,France,"The smoky aroma and toasty wood character smothers the fruit. It is a tough wine at this stage although it does hint at some of the 2012 juicy fruit flavors. Drink this firm, solid wine from 2018.",87,20,Bordeaux,Bordeaux-style Red Blend,Château la Haye
195,France,"Intensely tannic, this structured wine has layers of wood aging, along with juicy fruits and bright acidity. There's a strongly smoky element, the wine's fruitiness balanced by a dark, toasty aftertaste. Drink from 2018.",87,20,Bordeaux,Bordeaux-style Red Blend,Château Lalande Mausse
196,France,"This is a smoky, obviously wood-aged wine. The burnt toast character is still dominant, waiting for the attractive black currant fruits to catch up. It will develop into a bright, fruity wine, so wait until 2017.",87,25,Bordeaux,Bordeaux-style Red Blend,Château Magnol
197,US,"A creamy, buttery texture wraps around a core of bright lemon and apple flavors. This is balanced slightly toward sweetness as the luxurious viscosity carries the vivid flavors into the finish.",87,10,California,Chardonnay,Grand Pacific
198,US,"This saignée-style wine is pale salmon in color, showing some bricking. It drinks dry with rounded suggestions of cherry and watermelon providing easy-drinking enjoyment.",87,18,Washington,Malbec,Hamilton
199,US,"Zesty and mineral, this unoaked, citrusy Chardonnay would make a particularly refreshing apéritif. Flavors of Asian pear and quince are crisp and cutting on the palate. Enjoy now for it's vivacious style.",87,18,New York,Chardonnay,Heron Hill
200,US,"Smoke and violet perfume are seductive on this elegant off-dry Riesling. Fresh green apple and pear flavors are tart but concentrated, wrapping up tightly with a squeaky-clean, lemon-lime finish.",87,14,New York,Riesling,Heron Hill
